<?xml version="1.0" encoding="UTF-8"?>
<project-private xmlns="http://www.netbeans.org/ns/project-private/1">
    <editor-bookmarks xmlns="http://www.netbeans.org/ns/editor-bookmarks/2" lastBookmarkId="0"/>
    <open-files xmlns="http://www.netbeans.org/ns/projectui-open-files/2">
        <group>
            <file>file:/C:/Users/ggbro/OneDrive/OneDrive%20-%20AUT%20University/Documents/NetBeansProjects/Assignment_1/src/assignment_1/PlayerService.java</file>
            <file>file:/C:/Users/ggbro/OneDrive/OneDrive%20-%20AUT%20University/Documents/NetBeansProjects/Assignment_1/src/assignment_1/IPlayerService.java</file>
            <file>file:/C:/Users/ggbro/OneDrive/OneDrive%20-%20AUT%20University/Documents/NetBeansProjects/Assignment_1/src/assignment_1/AnswerEnum.java</file>
            <file>file:/C:/Users/ggbro/OneDrive/OneDrive%20-%20AUT%20University/Documents/NetBeansProjects/Assignment_1/src/assignment_1/PlayerInputService.java</file>
            <file>file:/C:/Users/ggbro/OneDrive/OneDrive%20-%20AUT%20University/Documents/NetBeansProjects/Assignment_1/src/assignment_1/Game.java</file>
            <file>file:/C:/Users/ggbro/OneDrive/OneDrive%20-%20AUT%20University/Documents/NetBeansProjects/Assignment_1/src/assignment_1/Player.java</file>
            <file>file:/C:/Users/ggbro/OneDrive/OneDrive%20-%20AUT%20University/Documents/NetBeansProjects/Assignment_1/src/assignment_1/IPlayerInputService.java</file>
            <file>file:/C:/Users/ggbro/OneDrive/OneDrive%20-%20AUT%20University/Documents/NetBeansProjects/Assignment_1/src/assignment_1/ViewHandler.java</file>
            <file>file:/C:/Users/ggbro/OneDrive/OneDrive%20-%20AUT%20University/Documents/NetBeansProjects/Assignment_1/src/assignment_1/QuizQuestion.java</file>
            <file>file:/C:/Users/ggbro/OneDrive/OneDrive%20-%20AUT%20University/Documents/NetBeansProjects/Assignment_1/src/assignment_1/IViewHandler.java</file>
            <file>file:/C:/Users/ggbro/OneDrive/OneDrive%20-%20AUT%20University/Documents/NetBeansProjects/Assignment_1/src/assignment_1/Main.java</file>
            <file>file:/C:/Users/ggbro/OneDrive/OneDrive%20-%20AUT%20University/Documents/NetBeansProjects/Assignment_1/src/assignment_1/FileHandler.java</file>
        </group>
    </open-files>
</project-private>
